feature,mean_abs_shap,algo,regime,seed,source_file
s_12,0.5440047097594963,a2c,rulebook,0,shap_a2c_rulebook_seed=0.csv
s_16,0.1609016630434286,a2c,rulebook,0,shap_a2c_rulebook_seed=0.csv
s_2,0.1382674764108695,a2c,rulebook,0,shap_a2c_rulebook_seed=0.csv
s_12,0.1305009401917917,a2c,rulebook,1,shap_a2c_rulebook_seed=1.csv
s_11,0.1285992857644879,a2c,rulebook,1,shap_a2c_rulebook_seed=1.csv
s_16,0.1264731336401543,a2c,rulebook,2,shap_a2c_rulebook_seed=2.csv
s_7,0.1004456959256365,a2c,rulebook,1,shap_a2c_rulebook_seed=1.csv
s_5,0.0805109992660359,a2c,rulebook,0,shap_a2c_rulebook_seed=0.csv
s_0,0.0775720264553462,a2c,rulebook,0,shap_a2c_rulebook_seed=0.csv
s_11,0.0610178907209391,a2c,rulebook,0,shap_a2c_rulebook_seed=0.csv
s_6,0.1175646273627664,a2c,safe,0,shap_a2c_safe_seed=0.csv
s_7,0.1087960253698839,a2c,safe,0,shap_a2c_safe_seed=0.csv
s_16,0.0834645370576068,a2c,safe,2,shap_a2c_safe_seed=2.csv
s_5,0.0516079034890943,a2c,safe,0,shap_a2c_safe_seed=0.csv
s_0,0.0503291688399512,a2c,safe,1,shap_a2c_safe_seed=1.csv
s_7,0.0437327569273113,a2c,safe,1,shap_a2c_safe_seed=1.csv
s_1,0.0428654666033397,a2c,safe,2,shap_a2c_safe_seed=2.csv
s_0,0.0426720856046959,a2c,safe,0,shap_a2c_safe_seed=0.csv
s_2,0.0422758570618432,a2c,safe,1,shap_a2c_safe_seed=1.csv
s_0,0.0400279453445935,a2c,safe,2,shap_a2c_safe_seed=2.csv
s_16,0.1264731336401543,a2c,unconstrained,2,shap_a2c_unconstrained_seed=2.csv
s_7,0.0932836371721041,a2c,unconstrained,1,shap_a2c_unconstrained_seed=1.csv
s_16,0.0875680707845374,a2c,unconstrained,1,shap_a2c_unconstrained_seed=1.csv
s_5,0.0759644061215176,a2c,unconstrained,0,shap_a2c_unconstrained_seed=0.csv
s_12,0.0711401145337128,a2c,unconstrained,0,shap_a2c_unconstrained_seed=0.csv
s_16,0.0630203815701999,a2c,unconstrained,0,shap_a2c_unconstrained_seed=0.csv
s_6,0.0523318194516024,a2c,unconstrained,0,shap_a2c_unconstrained_seed=0.csv
s_11,0.0509481582754713,a2c,unconstrained,0,shap_a2c_unconstrained_seed=0.csv
s_7,0.0469463061614192,a2c,unconstrained,2,shap_a2c_unconstrained_seed=2.csv
s_5,0.045637941741475,a2c,unconstrained,1,shap_a2c_unconstrained_seed=1.csv
s_12,1.0730591756862549,dqn,rulebook,1,shap_dqn_rulebook_seed=1.csv
s_13,0.8230643351768507,dqn,rulebook,0,shap_dqn_rulebook_seed=0.csv
s_12,0.7201042951360682,dqn,rulebook,0,shap_dqn_rulebook_seed=0.csv
s_16,0.6428809945043769,dqn,rulebook,2,shap_dqn_rulebook_seed=2.csv
s_17,0.6359402205144508,dqn,rulebook,2,shap_dqn_rulebook_seed=2.csv
s_6,0.4863090987129165,dqn,rulebook,2,shap_dqn_rulebook_seed=2.csv
s_7,0.4739036867447989,dqn,rulebook,2,shap_dqn_rulebook_seed=2.csv
s_0,0.4159362192983009,dqn,rulebook,2,shap_dqn_rulebook_seed=2.csv
s_5,0.4038303459583292,dqn,rulebook,2,shap_dqn_rulebook_seed=2.csv
s_13,0.3710788330464038,dqn,rulebook,1,shap_dqn_rulebook_seed=1.csv
s_6,0.5258319850558771,dqn,safe,2,shap_dqn_safe_seed=2.csv
s_5,0.5241991138824319,dqn,safe,2,shap_dqn_safe_seed=2.csv
s_0,0.4729722858348278,dqn,safe,2,shap_dqn_safe_seed=2.csv
s_0,0.4300173386120562,dqn,safe,1,shap_dqn_safe_seed=1.csv
s_7,0.4240734252185765,dqn,safe,2,shap_dqn_safe_seed=2.csv
s_5,0.412817243078012,dqn,safe,0,shap_dqn_safe_seed=0.csv
s_2,0.4058174158986368,dqn,safe,1,shap_dqn_safe_seed=1.csv
s_7,0.3894682201859372,dqn,safe,0,shap_dqn_safe_seed=0.csv
s_16,0.3737752829803054,dqn,safe,0,shap_dqn_safe_seed=0.csv
s_6,0.3597432025715831,dqn,safe,0,shap_dqn_safe_seed=0.csv
s_11,0.728722669764202,dqn,unconstrained,2,shap_dqn_unconstrained_seed=2.csv
s_17,0.6870381396870581,dqn,unconstrained,2,shap_dqn_unconstrained_seed=2.csv
s_0,0.6306963147814928,dqn,unconstrained,2,shap_dqn_unconstrained_seed=2.csv
s_12,0.6277529335071587,dqn,unconstrained,2,shap_dqn_unconstrained_seed=2.csv
s_7,0.6140023822569797,dqn,unconstrained,2,shap_dqn_unconstrained_seed=2.csv
s_6,0.4769815601650266,dqn,unconstrained,1,shap_dqn_unconstrained_seed=1.csv
s_5,0.4470938818487066,dqn,unconstrained,1,shap_dqn_unconstrained_seed=1.csv
s_1,0.4436688131884374,dqn,unconstrained,2,shap_dqn_unconstrained_seed=2.csv
s_16,0.3898678411703427,dqn,unconstrained,1,shap_dqn_unconstrained_seed=1.csv
s_2,0.3867355382681089,dqn,unconstrained,2,shap_dqn_unconstrained_seed=2.csv
s_12,0.2670459684310477,ppo,rulebook,1,shap_ppo_rulebook_seed=1.csv
s_11,0.2031773413908541,ppo,rulebook,1,shap_ppo_rulebook_seed=1.csv
s_6,0.1019299401632342,ppo,rulebook,0,shap_ppo_rulebook_seed=0.csv
s_16,0.1007870157894114,ppo,rulebook,1,shap_ppo_rulebook_seed=1.csv
s_16,0.0710942525450337,ppo,rulebook,2,shap_ppo_rulebook_seed=2.csv
s_5,0.0680046429139624,ppo,rulebook,1,shap_ppo_rulebook_seed=1.csv
s_5,0.05870371292766,ppo,rulebook,0,shap_ppo_rulebook_seed=0.csv
s_1,0.0509633795168614,ppo,rulebook,1,shap_ppo_rulebook_seed=1.csv
s_1,0.0479212074929676,ppo,rulebook,2,shap_ppo_rulebook_seed=2.csv
s_0,0.047071199460619,ppo,rulebook,0,shap_ppo_rulebook_seed=0.csv
s_5,0.25201552844557,ppo,safe,1,shap_ppo_safe_seed=1.csv
s_16,0.2295707387005466,ppo,safe,1,shap_ppo_safe_seed=1.csv
s_16,0.1383940674891178,ppo,safe,2,shap_ppo_safe_seed=2.csv
s_12,0.1355386344445315,ppo,safe,2,shap_ppo_safe_seed=2.csv
s_0,0.1316740402934348,ppo,safe,1,shap_ppo_safe_seed=1.csv
s_6,0.1160347544860363,ppo,safe,0,shap_ppo_safe_seed=0.csv
s_7,0.1142410583301479,ppo,safe,1,shap_ppo_safe_seed=1.csv
s_6,0.0975282117428924,ppo,safe,2,shap_ppo_safe_seed=2.csv
s_5,0.0974151986641828,ppo,safe,2,shap_ppo_safe_seed=2.csv
s_7,0.0942260731235499,ppo,safe,0,shap_ppo_safe_seed=0.csv
s_16,0.1264731336401543,ppo,unconstrained,2,shap_ppo_unconstrained_seed=2.csv
s_5,0.1000128457087065,ppo,unconstrained,0,shap_ppo_unconstrained_seed=0.csv
s_7,0.0932764747794539,ppo,unconstrained,1,shap_ppo_unconstrained_seed=1.csv
s_6,0.0929270293603552,ppo,unconstrained,0,shap_ppo_unconstrained_seed=0.csv
s_16,0.0875295227259325,ppo,unconstrained,1,shap_ppo_unconstrained_seed=1.csv
s_16,0.0659144217923069,ppo,unconstrained,0,shap_ppo_unconstrained_seed=0.csv
s_7,0.0469463061614192,ppo,unconstrained,2,shap_ppo_unconstrained_seed=2.csv
s_5,0.0456358616938619,ppo,unconstrained,1,shap_ppo_unconstrained_seed=1.csv
s_7,0.0326537259012672,ppo,unconstrained,0,shap_ppo_unconstrained_seed=0.csv
s_1,0.0307893656048036,ppo,unconstrained,2,shap_ppo_unconstrained_seed=2.csv
s_5,0.1018398270534084,reinforce,rulebook,2,shap_reinforce_rulebook_seed=2.csv
s_6,0.0985633018526699,reinforce,rulebook,2,shap_reinforce_rulebook_seed=2.csv
s_6,0.0802441907746579,reinforce,rulebook,1,shap_reinforce_rulebook_seed=1.csv
s_5,0.0490719989489976,reinforce,rulebook,0,shap_reinforce_rulebook_seed=0.csv
s_16,0.0432135017530974,reinforce,rulebook,1,shap_reinforce_rulebook_seed=1.csv
s_1,0.0422783319053026,reinforce,rulebook,0,shap_reinforce_rulebook_seed=0.csv
s_6,0.0380011520346932,reinforce,rulebook,0,shap_reinforce_rulebook_seed=0.csv
s_1,0.0349521375145124,reinforce,rulebook,2,shap_reinforce_rulebook_seed=2.csv
s_0,0.0308210879552319,reinforce,rulebook,2,shap_reinforce_rulebook_seed=2.csv
s_0,0.0301803812903835,reinforce,rulebook,1,shap_reinforce_rulebook_seed=1.csv
s_17,0.0753732036483357,reinforce,safe,0,shap_reinforce_safe_seed=0.csv
s_1,0.0695289300964849,reinforce,safe,2,shap_reinforce_safe_seed=2.csv
s_0,0.0672306316624565,reinforce,safe,2,shap_reinforce_safe_seed=2.csv
s_0,0.0396338957987706,reinforce,safe,0,shap_reinforce_safe_seed=0.csv
s_5,0.039156162685782,reinforce,safe,1,shap_reinforce_safe_seed=1.csv
s_7,0.0293107179798621,reinforce,safe,0,shap_reinforce_safe_seed=0.csv
s_5,0.0287841821669812,reinforce,safe,2,shap_reinforce_safe_seed=2.csv
s_7,0.0283558950681496,reinforce,safe,1,shap_reinforce_safe_seed=1.csv
s_7,0.026380970435994,reinforce,safe,2,shap_reinforce_safe_seed=2.csv
s_16,0.0235359705306536,reinforce,safe,1,shap_reinforce_safe_seed=1.csv
s_6,0.0664660583002581,reinforce,unconstrained,1,shap_reinforce_unconstrained_seed=1.csv
s_16,0.0552235431624815,reinforce,unconstrained,2,shap_reinforce_unconstrained_seed=2.csv
s_5,0.0530546515229317,reinforce,unconstrained,1,shap_reinforce_unconstrained_seed=1.csv
s_5,0.0495683863349919,reinforce,unconstrained,2,shap_reinforce_unconstrained_seed=2.csv
s_6,0.0478888732820686,reinforce,unconstrained,0,shap_reinforce_unconstrained_seed=0.csv
s_0,0.0453432662953801,reinforce,unconstrained,2,shap_reinforce_unconstrained_seed=2.csv
s_1,0.0439625817713969,reinforce,unconstrained,2,shap_reinforce_unconstrained_seed=2.csv
s_6,0.0361043547914975,reinforce,unconstrained,2,shap_reinforce_unconstrained_seed=2.csv
s_0,0.0296258122620389,reinforce,unconstrained,0,shap_reinforce_unconstrained_seed=0.csv
s_7,0.0278075709133153,reinforce,unconstrained,2,shap_reinforce_unconstrained_seed=2.csv
s_12,0.7215686633563189,sarsa,rulebook,1,shap_sarsa_rulebook_seed=1.csv
s_6,0.6309777858713691,sarsa,rulebook,2,shap_sarsa_rulebook_seed=2.csv
s_5,0.5702223996666486,sarsa,rulebook,2,shap_sarsa_rulebook_seed=2.csv
s_5,0.4381380361733687,sarsa,rulebook,1,shap_sarsa_rulebook_seed=1.csv
s_16,0.4188229166431648,sarsa,rulebook,2,shap_sarsa_rulebook_seed=2.csv
s_7,0.3147882026422577,sarsa,rulebook,2,shap_sarsa_rulebook_seed=2.csv
s_7,0.3061159733786471,sarsa,rulebook,1,shap_sarsa_rulebook_seed=1.csv
s_1,0.3055864012467292,sarsa,rulebook,2,shap_sarsa_rulebook_seed=2.csv
s_0,0.2809004016331276,sarsa,rulebook,2,shap_sarsa_rulebook_seed=2.csv
s_2,0.2287607123340878,sarsa,rulebook,2,shap_sarsa_rulebook_seed=2.csv
s_12,0.7358681712940646,sarsa,safe,1,shap_sarsa_safe_seed=1.csv
s_5,0.6420447783088469,sarsa,safe,2,shap_sarsa_safe_seed=2.csv
s_12,0.5188754266420773,sarsa,safe,0,shap_sarsa_safe_seed=0.csv
s_11,0.5114244746910953,sarsa,safe,1,shap_sarsa_safe_seed=1.csv
s_6,0.5068562561560293,sarsa,safe,2,shap_sarsa_safe_seed=2.csv
s_13,0.488734312490567,sarsa,safe,0,shap_sarsa_safe_seed=0.csv
s_7,0.4079807918354272,sarsa,safe,2,shap_sarsa_safe_seed=2.csv
s_16,0.3634201962665736,sarsa,safe,2,shap_sarsa_safe_seed=2.csv
s_0,0.3412951522827166,sarsa,safe,2,shap_sarsa_safe_seed=2.csv
s_6,0.3017019608047432,sarsa,safe,1,shap_sarsa_safe_seed=1.csv
s_13,1.1265238280223095,sarsa,unconstrained,2,shap_sarsa_unconstrained_seed=2.csv
s_12,0.8838336205666013,sarsa,unconstrained,2,shap_sarsa_unconstrained_seed=2.csv
s_6,0.8284024967160666,sarsa,unconstrained,0,shap_sarsa_unconstrained_seed=0.csv
s_5,0.5870260940864537,sarsa,unconstrained,0,shap_sarsa_unconstrained_seed=0.csv
s_16,0.5096553159974875,sarsa,unconstrained,0,shap_sarsa_unconstrained_seed=0.csv
s_7,0.3656267281684418,sarsa,unconstrained,0,shap_sarsa_unconstrained_seed=0.csv
s_1,0.3497623264550025,sarsa,unconstrained,0,shap_sarsa_unconstrained_seed=0.csv
s_0,0.3338527691291639,sarsa,unconstrained,0,shap_sarsa_unconstrained_seed=0.csv
s_2,0.3011733680205266,sarsa,unconstrained,2,shap_sarsa_unconstrained_seed=2.csv
s_6,0.2031919229407396,sarsa,unconstrained,2,shap_sarsa_unconstrained_seed=2.csv
