file,role,rows,generated_at,script,label,source_session,fastf1_version,pandas_version,numpy_version,python_version,offline_mode,cache_dir,reference_laps,raw_units_per_metre_mean,lap_length_m,n_segments,session_load_seconds,total_seconds,segments_csv_modified,validation_all_pass
segment_geometry.csv,"THE SCHEMA: 36 rows, one per existing segment_id, additive geometry columns.",36,2026-08-30T11:25:55Z,scripts/build_geometry_schema.py,20260830T112139,2024 Silverstone R,3.8.3,2.3.3,2.4.6,3.13.5,True,data/cache,19,10.016641723300724,5837.694766804536,36,0.808,2.735,False,True
column_provenance.csv,Per-column observed/derived/assumed label and derivation rule.,21,2026-08-30T11:25:55Z,scripts/build_geometry_schema.py,20260830T112139,2024 Silverstone R,3.8.3,2.3.3,2.4.6,3.13.5,True,data/cache,19,10.016641723300724,5837.694766804536,36,0.808,2.735,False,True
sector_boundaries.csv,"Per-lap sector boundaries and coordinate-scale fit, one row per reference lap.",19,2026-08-30T11:25:55Z,scripts/build_geometry_schema.py,20260830T112139,2024 Silverstone R,3.8.3,2.3.3,2.4.6,3.13.5,True,data/cache,19,10.016641723300724,5837.694766804536,36,0.808,2.735,False,True
sector_boundary_summary.csv,"Sector boundaries as INTERVALS (min/max/mean/sd/range), absolute metres and lap fractions.",6,2026-08-30T11:25:55Z,scripts/build_geometry_schema.py,20260830T112139,2024 Silverstone R,3.8.3,2.3.3,2.4.6,3.13.5,True,data/cache,19,10.016641723300724,5837.694766804536,36,0.808,2.735,False,True
scale_fit_summary.csv,Coordinate-scale fit summary establishing the decimetre unit.,3,2026-08-30T11:25:55Z,scripts/build_geometry_schema.py,20260830T112139,2024 Silverstone R,3.8.3,2.3.3,2.4.6,3.13.5,True,data/cache,19,10.016641723300724,5837.694766804536,36,0.808,2.735,False,True
corner_distance_check.csv,"corners.Distance vs telemetry Distance at the nearest X/Y sample, per corner. Evidence the two share unit and origin.",18,2026-08-30T11:25:55Z,scripts/build_geometry_schema.py,20260830T112139,2024 Silverstone R,3.8.3,2.3.3,2.4.6,3.13.5,True,data/cache,19,10.016641723300724,5837.694766804536,36,0.808,2.735,False,True
validation.csv,Schema validation checks and results.,12,2026-08-30T11:25:55Z,scripts/build_geometry_schema.py,20260830T112139,2024 Silverstone R,3.8.3,2.3.3,2.4.6,3.13.5,True,data/cache,19,10.016641723300724,5837.694766804536,36,0.808,2.735,False,True
README.md,"Provenance, scale fit, sector uncertainty, defects, compatibility, and the not-a-digital-twin statement.",0,2026-08-30T11:25:55Z,scripts/build_geometry_schema.py,20260830T112139,2024 Silverstone R,3.8.3,2.3.3,2.4.6,3.13.5,True,data/cache,19,10.016641723300724,5837.694766804536,36,0.808,2.735,False,True
manifest.csv,This file listing.,0,2026-08-30T11:25:55Z,scripts/build_geometry_schema.py,20260830T112139,2024 Silverstone R,3.8.3,2.3.3,2.4.6,3.13.5,True,data/cache,19,10.016641723300724,5837.694766804536,36,0.808,2.735,False,True
