algo,regime_a,regime_b,metric,delta_seed0,delta_seed1,delta_seed2,mean_delta,sign_consistent_across_seeds,outlier_seed_dominated,verdict
ppo,unconstrained,safe,crash_rate,-0.15000000000000002,-0.13,-0.21999999999999997,-0.16666666666666666,True,False,"Primary: reliable, all 3 seeds agree"
ppo,unconstrained,safe,mean_risk,-1.3182693512811565,-1.1549630832087057,-1.3914354888788638,-1.2882226411229087,True,False,"Primary: reliable, all 3 seeds agree"
a2c,unconstrained,safe,crash_rate,-0.13,-0.10999999999999999,-0.09999999999999998,-0.11333333333333333,True,False,"Primary: reliable, all 3 seeds agree"
a2c,unconstrained,safe,mean_risk,-2.0,-2.0,-0.9891392698090615,-1.6630464232696873,True,False,"Primary: reliable, all 3 seeds agree"
dqn,unconstrained,safe,crash_rate,-0.09999999999999998,-0.14,0.0,-0.08,True,False,"Secondary: consistent direction, one seed near-zero effect"
reinforce,unconstrained,safe,crash_rate,-0.35,-0.010000000000000009,-0.020000000000000018,-0.12666666666666668,True,True,Caution: sign-consistent but magnitude entirely seed-0-driven
reinforce,unconstrained,safe,mean_risk,0.34056186378934655,0.04216255379482026,-0.08438214030342403,0.09944742576024761,False,False,Caution: sign INCONSISTENT across seeds
sarsa,unconstrained,safe,crash_rate,-0.12,0.10999999999999999,0.12,0.03666666666666666,False,False,Not reliable: sign inconsistent across seeds
ppo,unconstrained,rulebook,mean_pit_stops,0.34,0.87,0.42,0.5433333333333333,True,False,"Primary: small but reliable, all 3 seeds agree"
